{
  "images" : [
    {
      "idiom" : "universal",
      "filename" : "CheckBoxSelected.png",
      "scale" : "1x"
    },
    {
      "idiom" : "universal",
      "filename" : "CheckBoxSelectedDark.png",
      "appearances" : [
        {
          "appearance" : "luminosity",
          "value" : "dark"
        }
      ],
      "scale" : "1x"
    },
    {
      "idiom" : "universal",
      "filename" : "CheckBoxSelected@2x.png",
      "scale" : "2x"
    },
    {
      "idiom" : "universal",
      "filename" : "CheckBoxSelectedDark@2x.png",
      "appearances" : [
        {
          "appearance" : "luminosity",
          "value" : "dark"
        }
      ],
      "scale" : "2x"
    },
    {
      "idiom" : "universal",
      "filename" : "CheckBoxSelected@3x.png",
      "scale" : "3x"
    },
    {
      "idiom" : "universal",
      "filename" : "CheckBoxSelectedDark@3x.png",
      "appearances" : [
        {
          "appearance" : "luminosity",
          "value" : "dark"
        }
      ],
      "scale" : "3x"
    }
  ],
  "info" : {
    "version" : 1,
    "author" : "xcode"
  }
}